id,name,sex,email,subject_id
1,Sohel Rana,0,sohelrana@ghtk.co,1
2,Fathimath Najuma,1,fathimathnajuma@ghtk.co,1
3,Eddy Ekani,0,eddyekani@ghtk.co,1
4,Hisham Majeedh,0,hishammajeedh@ghtk.co,1
5,Kncham Doraswami,0,knchamdoraswami@ghtk.co,1
6,Yogi Bhadra,0,yogibhadra@ghtk.co,2
7,Md Ismail Khan,0,mdismailkhan@ghtk.co,2
8,Md Shapon Studen,0,mdshaponstuden@ghtk.co,2
9,Abdullah Inaash,0,abdullahinaash@ghtk.co,2
10,Ammad Racheed,0,ammadracheed@ghtk.co,2
11,Inokrasantha Inok,0,inokrasanthainok@ghtk.co,3
12,Abdul Mannan,0,abdulmannan@ghtk.co,3
13,Hanip Miaa,0,hanipmiaa@ghtk.co,3
14,Taher Taher,0,tahertaher@ghtk.co,3
15,Tek Thanet,0,tekthanet@ghtk.co,3
16,Amin Ahmed,0,aminahmed@ghtk.co,4
17,Balaji Patil,0,balajipatil@ghtk.co,4
18,Mangala Dahal,1,mangaladahal@ghtk.co,4
19,Alexander Chandru,0,alexanderchandru@ghtk.co,4
20,Yanaal Sabee,1,yanaalsabee@ghtk.co,4
21,Hussain Miah,0,hussainmiah@ghtk.co,5
22,Ahmed Fayaz,0,ahmedfayaz@ghtk.co,5
23,Zaz Miah,0,zazmiah@ghtk.co,5
24,Eminath Sana,1,eminathsana@ghtk.co,5
25,Mohamed Eyeman,0,mohamedeyeman@ghtk.co,5
26,Samy Her,1,samyher@ghtk.co,6
27,Nihla Rasheed,1,nihlarasheed@ghtk.co,6
28,Yasim Ahmed,0,yasimahmed@ghtk.co,6
29,Md Karim,1,mdkarim@ghtk.co,6
30,Al Amin Rana,0,alaminrana@ghtk.co,6
31,Baikey Ras,0,baikeyras@ghtk.co,7
32,Ha San,0,hasan@ghtk.co,7
33,Hari Rana Bhat,0,hariranabhat@ghtk.co,7
34,Stenila Mol,1,stenilamol@ghtk.co,7
35,Dipu Nandni,0,dipunandni@ghtk.co,7
36,Lathy Lathyfa,1,lathylathyfa@ghtk.co,8
37,Debadeba Debadeba,0,debadebadebadeba@ghtk.co,8
38,Razu Hossain,0,razuhossain@ghtk.co,8
39,Md Malek,0,mdmalek@ghtk.co,8
40,Md Jabed,1,mdjabed@ghtk.co,8
41,Johan Trump,0,johantrump@ghtk.co,9
42,Joy Mahedi,1,joymahedi@ghtk.co,9
43,Md Nur Uddin,0,mdnuruddin@ghtk.co,9
44,Slamet Hariyadi,0,slamethariyadi@ghtk.co,9
45,Iqball Mia,0,iqballmia@ghtk.co,9
46,Ahmed Axmeel,0,ahmedaxmeel@ghtk.co,10
47,Ahmed Shumys,0,ahmedshumys@ghtk.co,10
48,Naushyn Ekhmed,1,naushynekhmed@ghtk.co,10
49,Sa Naa Eues,1,sanaaeues@ghtk.co,10
50,Cresteen Dhani Akansh,1,cresteendhaniakansh@ghtk.co,10
51,Ragul Thvear Ragul Thvear,0,ragulthvearragulthvear@ghtk.co,11
52,Rhoze Yap,1,rhozeyap@ghtk.co,11
53,Ariyan Khan,0,ariyankhan@ghtk.co,11
54,Lokman Hossain,0,lokmanhossain@ghtk.co,11
55,Ali Ali,0,aliali@ghtk.co,11
56,Api Apinesh,0,apiapinesh@ghtk.co,12
57,Ambarish Shah,0,ambarishshah@ghtk.co,12
58,Oyy Bujji Oyy Bujji,1,oyybujjioyybujji@ghtk.co,12
59,Armuguam Armuguam,0,armuguamarmuguam@ghtk.co,12
60,Md Shohidul,0,mdshohidul@ghtk.co,12
61,Arul Prakash,0,arulprakash@ghtk.co,13
62,Pappu Ram,0,pappuram@ghtk.co,13
63,Sindhu Kumar,0,sindhukumar@ghtk.co,13
64,Ahmed Sakir,0,ahmedsakir@ghtk.co,13
65,Asik Asik Ahamed,0,asikasikahamed@ghtk.co,13
66,Vadiveal Vimalasuersh,0,vadivealvimalasuersh@ghtk.co,14
67,Maxu Shr,1,maxushr@ghtk.co,14
68,Md Shoel,0,mdshoel@ghtk.co,14
69,Suwito Wijoyo,0,suwitowijoyo@ghtk.co,14
70,Azizul Khan,0,azizulkhan@ghtk.co,14
71,Morshedul Alom,0,morshedulalom@ghtk.co,15
72,Ek Jaleel Madavoor,0,ekjaleelmadavoor@ghtk.co,15
73,Aji Aji Aji,0,ajiajiaji@ghtk.co,15
74,Ahmed Shareef,0,ahmedshareef@ghtk.co,15
75,Shaa Lin,1,shaalin@ghtk.co,15
76,Patrick Pat,0,patrickpat@ghtk.co,16
77,Moosa Manik,0,moosamanik@ghtk.co,16
78,Fathima Beevi,1,fathimabeevi@ghtk.co,16
79,Simah Zink,0,simahzink@ghtk.co,16
80,Najma Akther,1,najmaakther@ghtk.co,16
81,Sanam Thakur,0,sanamthakur@ghtk.co,17
82,Yappo Issey,0,yappoissey@ghtk.co,17
83,Anower Hossin,0,anowerhossin@ghtk.co,17
84,Sony Varghese,0,sonyvarghese@ghtk.co,17
85,Dhaan Ahmed,0,dhaanahmed@ghtk.co,17
86,Azeema Bee,1,azeemabee@ghtk.co,18
87,Borhan Uddin,0,borhanuddin@ghtk.co,18
88,Gm Mamun,0,gmmamun@ghtk.co,18
89,Nuno Fazeel,1,nunofazeel@ghtk.co,18
90,Mohamed Wasif,0,mohamedwasif@ghtk.co,18
91,Billy Henderson,0,billyhenderson@ghtk.co,19
92,Shakir Ahamed,0,shakirahamed@ghtk.co,19
93,Pankaj Pankaj,0,pankajpankaj@ghtk.co,19
94,Satrudhan Prsad,0,satrudhanprsad@ghtk.co,19
95,Ahmed Eemaz,0,ahmedeemaz@ghtk.co,19
96,Bersyukur Iti Indah,1,bersyukuritiindah@ghtk.co,20
97,Eko Suseno,0,ekosuseno@ghtk.co,20
98,Hasna Hameedh Haskko,1,hasnahameedhhaskko@ghtk.co,20
99,Appi Appi,0,appiappi@ghtk.co,20
100,Kazi Rashed,0,kazirashed@ghtk.co,20
101,Md Ripa Mahmud,0,mdripamahmud@ghtk.co,21
102,Mizuan Mohamed,0,mizuanmohamed@ghtk.co,21
103,Sankar Sankar,0,sankarsankar@ghtk.co,21
104,Vivi Yuvi,0,viviyuvi@ghtk.co,21
105,Nalin Sumith,0,nalinsumith@ghtk.co,21
106,Hakem Salman,0,hakemsalman@ghtk.co,22
107,Saif Zaved,0,saifzaved@ghtk.co,22
108,Ajith Kumar,0,ajithkumar@ghtk.co,22
109,Mohamed Hussain,0,mohamedhussain@ghtk.co,22
110,Kokey Kokey,1,kokeykokey@ghtk.co,22
111,Md Mosharof Hossen,0,mdmosharofhossen@ghtk.co,23
112,Thoha Thoha,0,thohathoha@ghtk.co,23
113,Mustafa Kamal,0,mustafakamal@ghtk.co,23
114,Ahmed Shuaib,0,ahmedshuaib@ghtk.co,23
115,Mohamed Sagaor,0,mohamedsagaor@ghtk.co,23
116,Ronuk Ahmmed,0,ronukahmmed@ghtk.co,24
117,Rasheede Abulhoo,1,rasheedeabulhoo@ghtk.co,24
118,Suway Zen,1,suwayzen@ghtk.co,24
119,Shimas Rasheed,0,shimasrasheed@ghtk.co,24
120,Md Mamun Md Mamun,0,mdmamunmdmamun@ghtk.co,24
121,Vijay Kumar,0,vijaykumar@ghtk.co,25
122,Saljm Ahmed,0,saljmahmed@ghtk.co,25
123,Mohamed Adyb,0,mohamedadyb@ghtk.co,25
124,Mohamed Satheeh,0,mohamedsatheeh@ghtk.co,25
125,Mohmed Farhadh,1,mohmedfarhadh@ghtk.co,25
126,Md Jilon,0,mdjilon@ghtk.co,26
127,Hucen Shifaz,0,hucenshifaz@ghtk.co,26
128,Sanu Sah,0,sanusah@ghtk.co,26
129,Aswadmohamed Az,0,aswadmohamedaz@ghtk.co,26
130,Md Humayuan Kubir,0,mdhumayuankubir@ghtk.co,26
131,Mohamed Hosen,0,mohamedhosen@ghtk.co,27
132,Mohammad Taher,0,mohammadtaher@ghtk.co,27
133,Shafikul Islam Bachu,0,shafikulislambachu@ghtk.co,27
134,Selvam Selvam,0,selvamselvam@ghtk.co,27
135,Anne Imp,1,anneimp@ghtk.co,27
136,Lalon Uddin,0,lalonuddin@ghtk.co,28
137,Md Sahalom,0,mdsahalom@ghtk.co,28
138,Heri Jadul,0,herijadul@ghtk.co,28
139,Md Naushad,0,mdnaushad@ghtk.co,28
140,Mohamed Ahmed,0,mohamedahmed@ghtk.co,28
141,Jipson Thomas,0,jipsonthomas@ghtk.co,29
142,Maduka Jayaweera,0,madukajayaweera@ghtk.co,29
143,Moinul Islam,0,moinulislam@ghtk.co,29
144,Felix Renald,0,felixrenald@ghtk.co,29
145,Jagarnath Chauhan,0,jagarnathchauhan@ghtk.co,29
146,Sonyia Sonyia,1,sonyiasonyia@ghtk.co,30
147,Ibrahim Rshd,0,ibrahimrshd@ghtk.co,30
148,Abul Kalam Azad,0,abulkalamazad@ghtk.co,30
149,Yaameen Adam,0,yaameenadam@ghtk.co,30
150,Sumandhar Mk,0,sumandharmk@ghtk.co,30
151,Nusrat Jaun Nusrat Jaun,1,nusratjaunnusratjaun@ghtk.co,31
152,Grin Bangla,0,grinbangla@ghtk.co,31
153,Ahakas Kan,0,ahakaskan@ghtk.co,31
154,Ismail Rasheed,0,ismailrasheed@ghtk.co,31
155,Hassan Hassan,0,hassanhassan@ghtk.co,31
156,Md Salim,0,mdsalim@ghtk.co,32
157,Nimal Herath Nimal Herath,0,nimalherathnimalherath@ghtk.co,32
158,Juslin Bindu,0,juslinbindu@ghtk.co,32
159,Mim Milea,1,mimmilea@ghtk.co,32
160,Gayne Raya,0,gayneraya@ghtk.co,32
161,Akhi Nikhi Altharamoodu,0,akhinikhialtharamoodu@ghtk.co,33
162,Jagan Prasd,0,jaganprasd@ghtk.co,33
163,Rasheed Ahmed,0,rasheedahmed@ghtk.co,33
164,Isse Mal,0,issemal@ghtk.co,33
165,Md Than,1,mdthan@ghtk.co,33
166,Saamiya Ali,1,saamiyaali@ghtk.co,34
167,Fathimath Saeedha,1,fathimathsaeedha@ghtk.co,34
168,Ajith Singh,0,ajithsingh@ghtk.co,34
169,Md Kobire,0,mdkobire@ghtk.co,34
170,Hedayet Ullah,0,hedayetullah@ghtk.co,34
171,Rìxû Ñêr,1,rìxûñêr@ghtk.co,35
172,Hashim Hassan,0,hashimhassan@ghtk.co,35
173,Toplal Upadhyaya Toplal,0,toplalupadhyayatoplal@ghtk.co,35
174,Haroon Gasim,0,haroongasim@ghtk.co,35
175,Anas Ibrahim,0,anasibrahim@ghtk.co,35
176,Md Aziz,0,mdaziz@ghtk.co,36
177,Nandu Ghimire,0,nandughimire@ghtk.co,36
178,Fahim Adran,0,fahimadran@ghtk.co,36
179,Mohamed Abdulla,0,mohamedabdulla@ghtk.co,36
180,Jayantha Rathnayaka,0,jayantharathnayaka@ghtk.co,36
181,Johir Miha,0,johirmiha@ghtk.co,37
182,Bulhaa Bulhaa,0,bulhaabulhaa@ghtk.co,37
183,Arsad Jobayer,0,arsadjobayer@ghtk.co,37
184,Mohamad Sheikh,0,mohamadsheikh@ghtk.co,37
185,Sakthi Vel,0,sakthivel@ghtk.co,37
186,Palani Samy,0,palanisamy@ghtk.co,38
187,Ahmed Moosa,0,ahmedmoosa@ghtk.co,38
188,You Alom,0,youalom@ghtk.co,38
189,Sk Saiful,0,sksaiful@ghtk.co,38
190,Muthu Kumar,0,muthukumar@ghtk.co,38
191,Vokil Mohamed Vokil,0,vokilmohamedvokil@ghtk.co,39
192,Pavan Verma Pavan Verma,1,pavanvermapavanverma@ghtk.co,39
193,Minhaz Minhaz,0,minhazminhaz@ghtk.co,39
194,Ferari Niroshan,0,ferariniroshan@ghtk.co,39
195,Aishath Raaya,1,aishathraaya@ghtk.co,39
196,Affi Ismail,1,affiismail@ghtk.co,40
197,Ridoy Khan,0,ridoykhan@ghtk.co,40
198,Ali Ibrahim,0,aliibrahim@ghtk.co,40
199,Mohamed Nashidh,0,mohamednashidh@ghtk.co,40
200,Nasir Hussain,0,nasirhussain@ghtk.co,40
201,Alamin Ahamed,0,alaminahamed@ghtk.co,41
202,Faria Imti,1,fariaimti@ghtk.co,41
203,Tara Limbu,0,taralimbu@ghtk.co,41
204,Ashok Gurung,0,ashokgurung@ghtk.co,41
205,Md Jamal,0,mdjamal@ghtk.co,41
206,Arjun Roy,1,arjunroy@ghtk.co,42
207,Prasanna Jayawardana,0,prasannajayawardana@ghtk.co,42
208,Sinan Ahmed,0,sinanahmed@ghtk.co,42
209,Liyo Devassy,0,liyodevassy@ghtk.co,42
210,Pagal Man,0,pagalman@ghtk.co,42
211,Chinna Rasu,0,chinnarasu@ghtk.co,43
212,Sofeq Joaj,1,sofeqjoaj@ghtk.co,43
213,Moosa Kasim,0,moosakasim@ghtk.co,43
214,Shamsu Nahari,1,shamsunahari@ghtk.co,43
215,Md Furhad,0,mdfurhad@ghtk.co,43
216,Ahmud Abdul,0,ahmudabdul@ghtk.co,44
217,Premsagar Premsagar,0,premsagarpremsagar@ghtk.co,44
218,Ash Ashh,1,ashashh@ghtk.co,44
219,Samsul Mia,0,samsulmia@ghtk.co,44
220,Rajan Soni,0,rajansoni@ghtk.co,44
221,Ibrahim Shahid,0,ibrahimshahid@ghtk.co,45
222,Noddy Phatho,0,noddyphatho@ghtk.co,45
223,Md Sagor Sagar,1,mdsagorsagar@ghtk.co,45
224,Md Harun King,0,mdharunking@ghtk.co,45
225,Alamin Prodhan,0,alaminprodhan@ghtk.co,45
226,Abdhul Hakeem,0,abdhulhakeem@ghtk.co,46
227,Hëûmärñ Šòmé,1,hëûmärñšòmé@ghtk.co,46
228,Suraj Kumar,1,surajkumar@ghtk.co,46
229,Thorif Waheed,0,thorifwaheed@ghtk.co,46
230,Hasein Akko,0,haseinakko@ghtk.co,46
231,Md Salauddin,0,mdsalauddin@ghtk.co,47
232,Askandar Peda,0,askandarpeda@ghtk.co,47
233,Maruf Hossain,0,marufhossain@ghtk.co,47
234,Mahufooz Rasheed,0,mahufoozrasheed@ghtk.co,47
235,Giri Pechetti,0,giripechetti@ghtk.co,47
236,Eliyas Khan,0,eliyaskhan@ghtk.co,48
237,Shafiqul Islam,0,shafiqulislam@ghtk.co,48
238,Md Ripon Ripon,1,mdriponripon@ghtk.co,48
239,Imran Hossen,1,imranhossen@ghtk.co,48
240,Razu Mattaber,0,razumattaber@ghtk.co,48
241,Budi Cahyono,0,budicahyono@ghtk.co,49
242,Darmalingam Senadrajah,0,darmalingamsenadrajah@ghtk.co,49
243,Nafiz Nazrul,0,nafiznazrul@ghtk.co,49
244,Sidul Kopet,0,sidulkopet@ghtk.co,49
245,Teguh Perkasa,0,teguhperkasa@ghtk.co,49
246,Md Islam Uddin,0,mdislamuddin@ghtk.co,50
247,Sidgiyya Sidgiyya,1,sidgiyyasidgiyya@ghtk.co,50
248,Sujan Md Sujan,0,sujanmdsujan@ghtk.co,50
249,Mohamed Ismail,0,mohamedismail@ghtk.co,50
250,Choondon Dash,0,choondondash@ghtk.co,50
251,Ah Spy,0,ahspy@ghtk.co,51
252,Athula Hewa,0,athulahewa@ghtk.co,51
253,Manzur Ahmed,0,manzurahmed@ghtk.co,51
254,Yousuf Khan,0,yousufkhan@ghtk.co,51
255,Arif Rana,0,arifrana@ghtk.co,51
256,Md Shakil,1,mdshakil@ghtk.co,52
257,Ramchandr Gurjar,0,ramchandrgurjar@ghtk.co,52
258,Shiva Dhungana,0,shivadhungana@ghtk.co,52
259,Ma Mamoun Ma Mamoun,0,mamamounmamamoun@ghtk.co,52
260,Lagoon Lagey,0,lagoonlagey@ghtk.co,52
261,Ibrahim Thaufeeq,0,ibrahimthaufeeq@ghtk.co,53
262,Tilak Rukum,0,tilakrukum@ghtk.co,53
263,Mahendra Rajbanshi,0,mahendrarajbanshi@ghtk.co,53
264,Ali Saddam,0,alisaddam@ghtk.co,53
265,Naresh Kumar,0,nareshkumar@ghtk.co,53
266,Dhastaan Dasthaan,0,dhastaandasthaan@ghtk.co,54
267,Sheereen Abudhul,1,sheereenabudhul@ghtk.co,54
268,Brijeshsahani Sahani,0,brijeshsahanisahani@ghtk.co,54
269,Kh Leon,0,khleon@ghtk.co,54
270,Ahmed Kausar,0,ahmedkausar@ghtk.co,54
271,Alive Awake,1,aliveawake@ghtk.co,55
272,Prakash Toppo,0,prakashtoppo@ghtk.co,55
273,Sagor Khan,0,sagorkhan@ghtk.co,55
274,Tawan Btmg,0,tawanbtmg@ghtk.co,55
275,Gusti Swardiyasa,0,gustiswardiyasa@ghtk.co,55
276,Freeancer Damith,0,freeancerdamith@ghtk.co,56
277,Md Faruk Jumoddar Madifs,0,mdfarukjumoddarmadifs@ghtk.co,56
278,Darsana I Made,0,darsanaimade@ghtk.co,56
279,Mohamed Arushee,0,mohamedarushee@ghtk.co,56
280,Muhammad Najmul,1,muhammadnajmul@ghtk.co,56
281,Hs Hasan,0,hshasan@ghtk.co,57
282,Mal Majidh,1,malmajidh@ghtk.co,57
283,Bangla Khan,0,banglakhan@ghtk.co,57
284,Hasna Mohamed,1,hasnamohamed@ghtk.co,57
285,Aku Saku,1,akusaku@ghtk.co,57
286,Ha Leem,0,haleem@ghtk.co,58
287,Hud Hudha Hud Hudha,0,hudhudhahudhudha@ghtk.co,58
288,Kazi Hossain,0,kazihossain@ghtk.co,58
289,Leesh Ahmed,1,leeshahmed@ghtk.co,58
290,Nafiz Ibrahim,0,nafizibrahim@ghtk.co,58
291,Shafiu Mohamed,0,shafiumohamed@ghtk.co,59
292,Abdulla Shiyan,0,abdullashiyan@ghtk.co,59
293,Mohamed Mohd,0,mohamedmohd@ghtk.co,59
294,Thusantha Perera,0,thusanthaperera@ghtk.co,59
295,Md Mohon,0,mdmohon@ghtk.co,59
296,John Muhey,0,johnmuhey@ghtk.co,60
297,Dhammaanu Mustho,0,dhammaanumustho@ghtk.co,60
298,Flower Rose,1,flowerrose@ghtk.co,60
299,Arif Ari,0,arifari@ghtk.co,60
300,Rifa David,1,rifadavid@ghtk.co,60
301,Kadek Asih,1,kadekasih@ghtk.co,61
302,Mariyam Husen,1,mariyamhusen@ghtk.co,61
303,Amix Adam,1,amixadam@ghtk.co,61
304,Md Alon,0,mdalon@ghtk.co,61
305,Jawed Ansari,0,jawedansari@ghtk.co,61
306,Thathaji Ankani,0,thathajiankani@ghtk.co,62
307,Mohamed Hossain,0,mohamedhossain@ghtk.co,62
308,Halee Hayya,1,haleehayya@ghtk.co,62
309,Mangla Nand,0,manglanand@ghtk.co,62
310,Ilyas Masaba,1,ilyasmasaba@ghtk.co,62
311,Chaminda Sirimanna,0,chamindasirimanna@ghtk.co,63
312,Khorshed Alam,0,khorshedalam@ghtk.co,63
313,Asmita Tamang,0,asmitatamang@ghtk.co,63
314,Md Nasur,0,mdnasur@ghtk.co,63
315,Md Babul Mia,0,mdbabulmia@ghtk.co,63
316,Fathimath Sama,1,fathimathsama@ghtk.co,64
317,Rafaah Rashyd,0,rafaahrashyd@ghtk.co,64
318,Md Mosarof,0,mdmosarof@ghtk.co,64
319,Sanka Amidu,0,sankaamidu@ghtk.co,64
320,Md Khokon,0,mdkhokon@ghtk.co,64
321,Faraan Firaq,0,faraanfiraq@ghtk.co,65
322,Jahedulislamshofiq Shofik,0,jahedulislamshofiqshofik@ghtk.co,65
323,Salem Mia,0,salemmia@ghtk.co,65
324,Ganpati Ganpati,0,ganpatiganpati@ghtk.co,65
325,Mode Ali,0,modeali@ghtk.co,65
326,Md Ajgor Ali,0,mdajgorali@ghtk.co,66
327,Ram Chhpila,0,ramchhpila@ghtk.co,66
328,Md Mohieddind,0,mdmohieddind@ghtk.co,66
329,Soto Dadu,0,sotodadu@ghtk.co,66
330,Borus Paulwin,0,boruspaulwin@ghtk.co,66
331,Mohamed Shaim,0,mohamedshaim@ghtk.co,67
332,Atiqur Rahman,0,atiqurrahman@ghtk.co,67
333,Shamvan Shiyam,0,shamvanshiyam@ghtk.co,67
334,Masood Mohammed,0,masoodmohammed@ghtk.co,67
335,Md Saiem,1,mdsaiem@ghtk.co,67
336,Saran Raj,0,saranraj@ghtk.co,68
337,Md Forid Ali Farid,0,mdforidalifarid@ghtk.co,68
338,Inbox Maldives,0,inboxmaldives@ghtk.co,68
339,M D Rasal Rasal,0,mdrasalrasal@ghtk.co,68
340,Dipesh Theeng,0,dipeshtheeng@ghtk.co,68
341,Rajesh Elanchalyan,0,rajeshelanchalyan@ghtk.co,69
342,Md Tofazal,0,mdtofazal@ghtk.co,69
343,Md Liton,0,mdliton@ghtk.co,69
344,Md Sohag,0,mdsohag@ghtk.co,69
345,Abe Abdullah,0,abeabdullah@ghtk.co,69
346,Raaif Mohamed,0,raaifmohamed@ghtk.co,70
347,Sunu Sunu,0,sunusunu@ghtk.co,70
348,Muzaffar Hussain,0,muzaffarhussain@ghtk.co,70
349,Md Morshed,0,mdmorshed@ghtk.co,70
350,Jaydev Basliyal Basliyal,0,jaydevbasliyalbasliyal@ghtk.co,70
351,Deepak Bhatt,0,deepakbhatt@ghtk.co,71
352,Muslimano Muney,0,muslimanomuney@ghtk.co,71
353,Yamin Mohamed,0,yaminmohamed@ghtk.co,71
354,Vakarugey Hagudhari,0,vakarugeyhagudhari@ghtk.co,71
355,Kalu Infinitum,0,kaluinfinitum@ghtk.co,71
356,Needh Haan,0,needhhaan@ghtk.co,72
357,Mokther Hossain,0,moktherhossain@ghtk.co,72
358,Mas Jecky,0,masjecky@ghtk.co,72
359,Mitha Akther,1,mithaakther@ghtk.co,72
360,Rajesh Gound,0,rajeshgound@ghtk.co,72
361,Shaheedha Abdullah,1,shaheedhaabdullah@ghtk.co,73
362,Alom Gir,0,alomgir@ghtk.co,73
363,Kadhar Shekkathi,0,kadharshekkathi@ghtk.co,73
364,Shashe Prabth,0,shasheprabth@ghtk.co,73
365,Laxmi Tmg,1,laxmitmg@ghtk.co,73
366,Maya Bushal,1,mayabushal@ghtk.co,74
367,Shik Male,0,shikmale@ghtk.co,74
368,Akela Akela Wiz,0,akelaakelawiz@ghtk.co,74
369,Asley Alex,0,asleyalex@ghtk.co,74
370,M Jamal Mjamal,0,mjamalmjamal@ghtk.co,74
371,Lucy Malau,1,lucymalau@ghtk.co,75
372,Zai Xaii,1,zaixaii@ghtk.co,75
373,Niyam Mohamed Wahyd,0,niyammohamedwahyd@ghtk.co,75
374,Md Al-Amin,0,mdal-amin@ghtk.co,75
375,S Alam Islam,0,salamislam@ghtk.co,75
376,Md Haydar Ali,0,mdhaydarali@ghtk.co,76
377,Azhar Uddin,0,azharuddin@ghtk.co,76
378,Bikram Thapa,0,bikramthapa@ghtk.co,76
379,Md Jamir,0,mdjamir@ghtk.co,76
380,Shu Aau,0,shuaau@ghtk.co,76
381,Amnu Ahmed,0,amnuahmed@ghtk.co,77
382,Md Nur,0,mdnur@ghtk.co,77
383,Mdjafar Ahmmed,0,mdjafarahmmed@ghtk.co,77
384,Md Mozammal,0,mdmozammal@ghtk.co,77
385,Md Shuja Mia,0,mdshujamia@ghtk.co,77
386,Shy Rose,1,shyrose@ghtk.co,78
387,Jamir Hossain,0,jamirhossain@ghtk.co,78
388,Ram Yadaw,0,ramyadaw@ghtk.co,78
389,Aktar Popy,1,aktarpopy@ghtk.co,78
390,Mal Sa,1,malsa@ghtk.co,78
391,Anwar Anwar,0,anwaranwar@ghtk.co,79
392,Muthu Sanjay,0,muthusanjay@ghtk.co,79
393,Ahumeema Abdulraheem,1,ahumeemaabdulraheem@ghtk.co,79
394,Pabel Ahamad,0,pabelahamad@ghtk.co,79
395,Dilip Biswas,0,dilipbiswas@ghtk.co,79
396,Nasir Rana,0,nasirrana@ghtk.co,80
397,Hawwa Mizna,1,hawwamizna@ghtk.co,80
398,Md Asraful,0,mdasraful@ghtk.co,80
399,Zeeshan King,0,zeeshanking@ghtk.co,80
400,Md Apple,0,mdapple@ghtk.co,80
401,Suman Lama,1,sumanlama@ghtk.co,81
402,Donald Paul,0,donaldpaul@ghtk.co,81
403,Yram Yram,1,yramyram@ghtk.co,81
404,Mohd Burn,0,mohdburn@ghtk.co,81
405,Yudiat Abdulla,0,yudiatabdulla@ghtk.co,81
406,Mohamed Arusham,0,mohamedarusham@ghtk.co,82
407,Sumon Sorkar,0,sumonsorkar@ghtk.co,82
408,Shuhudha Shuhu,1,shuhudhashuhu@ghtk.co,82
409,Nýmø Çhaţţeyž Şaađh,0,nýmøçhaţţeyžşaađh@ghtk.co,82
410,Uney Uney,1,uneyuney@ghtk.co,82
411,Āľī Šhâŕőõf,0,āľīšhâŕőõf@ghtk.co,83
412,Muneeb Mohammed,0,muneebmohammed@ghtk.co,83
413,Fuz Raal,1,fuzraal@ghtk.co,83
414,Maada Livaa,0,maadalivaa@ghtk.co,83
415,Ziko De Fasy,0,zikodefasy@ghtk.co,83
416,Fathmath Muzna,1,fathmathmuzna@ghtk.co,84
417,Mohamed Yaqoob,0,mohamedyaqoob@ghtk.co,84
418,Muaaz Mohamed,0,muaazmohamed@ghtk.co,84
419,Ot Moad,0,otmoad@ghtk.co,84
420,Hussain Azeem,0,hussainazeem@ghtk.co,84
421,Mohammad Masum,0,mohammadmasum@ghtk.co,85
422,Mohasin Islam,1,mohasinislam@ghtk.co,85
423,Md Fhokir,0,mdfhokir@ghtk.co,85
424,Md Robel,0,mdrobel@ghtk.co,85
425,Palani Rohith,0,palanirohith@ghtk.co,85
426,Inaan Mohamed,1,inaanmohamed@ghtk.co,86
427,Yousuf Sumon,0,yousufsumon@ghtk.co,86
428,Vinoth Fino,0,vinothfino@ghtk.co,86
429,Md Altab Bepari,0,mdaltabbepari@ghtk.co,86
430,Mohamed Haamy,0,mohamedhaamy@ghtk.co,86
431,Md Amir,0,mdamir@ghtk.co,87
432,Abdul Momin,0,abdulmomin@ghtk.co,87
433,Md Ashik,0,mdashik@ghtk.co,87
434,Haula Ganee,1,haulaganee@ghtk.co,87
435,Abudull Saeed,0,abudullsaeed@ghtk.co,87
436,Kaisan Shamaah,0,kaisanshamaah@ghtk.co,88
437,Fai Sal,0,faisal@ghtk.co,88
438,Leel Priyantha,0,leelpriyantha@ghtk.co,88
439,Yashin Mujomder,0,yashinmujomder@ghtk.co,88
440,Zahaan Zahir,0,zahaanzahir@ghtk.co,88
441,Md Umor Ali,0,mdumorali@ghtk.co,89
442,Shaba Moosa,1,shabamoosa@ghtk.co,89
443,Sumon Sumone,0,sumonsumone@ghtk.co,89
444,Abdus Salam,0,abdussalam@ghtk.co,89
445,Kader Mirdha Mirdha,0,kadermirdhamirdha@ghtk.co,89
446,Fathimath Rishfa,1,fathimathrishfa@ghtk.co,90
447,Arasu Malathi,0,arasumalathi@ghtk.co,90
448,Sheja Tony,1,shejatony@ghtk.co,90
449,Md Topajjol Khan,0,mdtopajjolkhan@ghtk.co,90
450,Azad Hossen,0,azadhossen@ghtk.co,90
451,Duanxiang Cao,0,duanxiangcao@ghtk.co,91
452,Abu Dhujana,0,abudhujana@ghtk.co,91
453,Azhappan Anbazhakan Gopi,0,azhappananbazhakangopi@ghtk.co,91
454,Aftab Alam,1,aftabalam@ghtk.co,91
455,Hanif Hassan,0,hanifhassan@ghtk.co,91
456,Md Samsul Houqe,0,mdsamsulhouqe@ghtk.co,92
457,Kadie Manik,1,kadiemanik@ghtk.co,92
458,Aishath Lauza,1,aishathlauza@ghtk.co,92
459,Binu Koshy Varghese,0,binukoshyvarghese@ghtk.co,92
460,Rock Rocky,0,rockrocky@ghtk.co,92
461,Rj Robel Khan,0,rjrobelkhan@ghtk.co,93
462,Timo Timo-T,0,timotimo-t@ghtk.co,93
463,Gayana Nanayakkara,0,gayanananayakkara@ghtk.co,93
464,Faxeel Ibbe,0,faxeelibbe@ghtk.co,93
465,Dong Lama,0,donglama@ghtk.co,93
466,Shehzaib Sohail,0,shehzaibsohail@ghtk.co,94
467,Vijayaraghavan Vs,0,vijayaraghavanvs@ghtk.co,94
468,Laxmi Tandan,1,laxmitandan@ghtk.co,94
469,Deepal Liyanaarachchi,0,deepalliyanaarachchi@ghtk.co,94
470,Saiful Islam,0,saifulislam@ghtk.co,94
471,Abdulla Aslam,0,abdullaaslam@ghtk.co,95
472,Imam Hussen,0,imamhussen@ghtk.co,95
473,Monika Kmonika,0,monikakmonika@ghtk.co,95
474,Sham Sham,0,shamsham@ghtk.co,95
475,Remesh Muthuraman,0,remeshmuthuraman@ghtk.co,95
476,Bodu Vagu Ibilys,0,boduvaguibilys@ghtk.co,96
477,Ahmd Shiham,0,ahmdshiham@ghtk.co,96
478,Saifix Marley,0,saifixmarley@ghtk.co,96
479,Sunil Kumar,0,sunilkumar@ghtk.co,96
480,Maldives Voip,0,maldivesvoip@ghtk.co,96
481,Mdnyen Plban,0,mdnyenplban@ghtk.co,97
482,Faaree Faikko Faarihaa,0,faareefaikkofaarihaa@ghtk.co,97
483,Mohamed Ahmed,0,mohamedahmed@ghtk.co,97
484,Aishath Saa Mi,0,aishathsaami@ghtk.co,97
485,Anwar Bardey,0,anwarbardey@ghtk.co,97
486,Khorshed Ali,0,khorshedali@ghtk.co,98
487,Prasanth Joseph,0,prasanthjoseph@ghtk.co,98
488,Md Nasir Miah,0,mdnasirmiah@ghtk.co,98
489,Ovi Islam,0,oviislam@ghtk.co,98
490,Aankit Gurung,0,aankitgurung@ghtk.co,98
491,Tabi Lal,0,tabilal@ghtk.co,99
492,Ahmed Ameraldo,0,ahmedameraldo@ghtk.co,99
493,Muy Mui,1,muymui@ghtk.co,99
494,Hassan Hussain,0,hassanhussain@ghtk.co,99
495,Muhammadh Rashydh,0,muhammadhrashydh@ghtk.co,99
496,Mode Kokko,0,modekokko@ghtk.co,100
497,Hassan Shifan,0,hassanshifan@ghtk.co,100
498,Md Rayhan,0,mdrayhan@ghtk.co,100
499,Saud Hassan,0,saudhassan@ghtk.co,100
500,Gurubabilagenimal Fernando,0,gurubabilagenimalfernando@ghtk.co,100
501,Abu Taher,0,abutaher@ghtk.co,101
502,Afaixa Xaa,1,afaixaxaa@ghtk.co,101
503,Raja Thakur,0,rajathakur@ghtk.co,101
504,Nelson Malisay,0,nelsonmalisay@ghtk.co,101
505,Ahmed Rasheed,0,ahmedrasheed@ghtk.co,101
506,Roman Bhuiyan,0,romanbhuiyan@ghtk.co,102
507,Mani Bassa,0,manibassa@ghtk.co,102
508,Dulal Mia,0,dulalmia@ghtk.co,102
509,Absad Kp,0,absadkp@ghtk.co,102
510,Md Ariful Islam,0,mdarifulislam@ghtk.co,102
511,Jamuna Tamang,0,jamunatamang@ghtk.co,103
512,Ahmed Asfahu Appe,0,ahmedasfahuappe@ghtk.co,103
513,Ahmed Shinaan,0,ahmedshinaan@ghtk.co,103
514,Gimmy Zanum,0,gimmyzanum@ghtk.co,103
515,Md Ibrahim,0,mdibrahim@ghtk.co,103
516,Naseer Adam,0,naseeradam@ghtk.co,104
517,Ismail Shanim,0,ismailshanim@ghtk.co,104
518,Mohamed Nazim,0,mohamednazim@ghtk.co,104
519,Md Kalo,0,mdkalo@ghtk.co,104
520,Nashyaan Ahmed,1,nashyaanahmed@ghtk.co,104
521,Ahmed Shazeel,0,ahmedshazeel@ghtk.co,105
522,Vaaris Ibrahim,0,vaarisibrahim@ghtk.co,105
523,Mohamed Evan,0,mohamedevan@ghtk.co,105
524,Rajendran Bala,0,rajendranbala@ghtk.co,105
525,Shaain Shiyam,0,shaainshiyam@ghtk.co,105
526,Zeke Freke,0,zekefreke@ghtk.co,106
527,Shiran De,0,shirande@ghtk.co,106
528,Ajiththulasi Thulasi,0,ajiththulasithulasi@ghtk.co,106
529,Zakir Hossain Raju,0,zakirhossainraju@ghtk.co,106
530,Fahmy Hussain,0,fahmyhussain@ghtk.co,106
531,Ayyu Zippo,0,ayyuzippo@ghtk.co,107
532,Saif Hassaan,0,saifhassaan@ghtk.co,107
533,Vishnu Rajendran,0,vishnurajendran@ghtk.co,107
534,Md Rubel,0,mdrubel@ghtk.co,107
535,Hussain Nazim,0,hussainnazim@ghtk.co,107
536,Rehaan Rehaan,0,rehaanrehaan@ghtk.co,108
537,Zeyba Ismail,1,zeybaismail@ghtk.co,108
538,Tajuddin Taj,0,tajuddintaj@ghtk.co,108
539,Aishath Hana,1,aishathhana@ghtk.co,108
540,Abdull Nasih,0,abdullnasih@ghtk.co,108
541,Didi Mohamed,0,didimohamed@ghtk.co,109
542,Fathimath Lamya,1,fathimathlamya@ghtk.co,109
543,Aslam Mohamed,0,aslammohamed@ghtk.co,109
544,Relaxx Moande,0,relaxxmoande@ghtk.co,109
545,Hussain Fayaz,0,hussainfayaz@ghtk.co,109
546,Billal Hossain,0,billalhossain@ghtk.co,110
547,Md Raju,0,mdraju@ghtk.co,110
548,Ebrarhim Xayern,0,ebrarhimxayern@ghtk.co,110
549,Nihan Ibrahim,0,nihanibrahim@ghtk.co,110
550,Axhãn Ibrãhim,0,axhãnibrãhim@ghtk.co,110
551,Naeeh Adam,0,naeehadam@ghtk.co,111
552,Hassan Shuhad,0,hassanshuhad@ghtk.co,111
553,Ahmed Shaah,0,ahmedshaah@ghtk.co,111
554,Md Saddam Hossan,0,mdsaddamhossan@ghtk.co,111
555,Skjainul Ali,0,skjainulali@ghtk.co,111
556,Md Jamal,0,mdjamal@ghtk.co,112
557,Aman Aman,0,amanaman@ghtk.co,112
558,Asela Samuel,0,aselasamuel@ghtk.co,112
559,Angel Deepthi,1,angeldeepthi@ghtk.co,112
560,Sahani Babloo,0,sahanibabloo@ghtk.co,112
561,Princezz Elshar,1,princezzelshar@ghtk.co,113
562,Arfin Sakil,0,arfinsakil@ghtk.co,113
563,Aminath Mohamed,1,aminathmohamed@ghtk.co,113
564,Łąbìb Rasel,0,łąbìbrasel@ghtk.co,113
565,Ifu Zulgarnai,0,ifuzulgarnai@ghtk.co,113
566,Ashikur Rohoman,0,ashikurrohoman@ghtk.co,114
567,Haneefa Ibrahim,1,haneefaibrahim@ghtk.co,114
568,Mohamed Ahmed,0,mohamedahmed@ghtk.co,114
569,Ja Da,0,jada@ghtk.co,114
570,Elyse Riju,1,elyseriju@ghtk.co,114
571,Tamvir Ahmmed,0,tamvirahmmed@ghtk.co,115
572,Gurusamy Samy,0,gurusamysamy@ghtk.co,115
573,Krishna Kumar,0,krishnakumar@ghtk.co,115
574,Alan Raj,0,alanraj@ghtk.co,115
575,Md Kawsar,0,mdkawsar@ghtk.co,115
576,Arul Raj,0,arulraj@ghtk.co,116
577,Md Gello,1,mdgello@ghtk.co,116
578,Sami Xaan,0,samixaan@ghtk.co,116
579,Ismail Haneef,0,ismailhaneef@ghtk.co,116
580,Aishath Amaany,1,aishathamaany@ghtk.co,116
581,Md Kobir,0,mdkobir@ghtk.co,117
582,Shaki Sparrow,0,shakisparrow@ghtk.co,117
583,Madushan Madushan Rok,0,madushanmadushanrok@ghtk.co,117
584,Mohamed Shafeeq,0,mohamedshafeeq@ghtk.co,117
585,Md Shughag,0,mdshughag@ghtk.co,117
586,Md Azizul,0,mdazizul@ghtk.co,118
587,Shakil Khan Joy,0,shakilkhanjoy@ghtk.co,118
588,Mohamed Ibrahim,0,mohamedibrahim@ghtk.co,118
589,Shaparan Khan,0,shaparankhan@ghtk.co,118
590,Infantrajesh Infantrajesh,0,infantrajeshinfantrajesh@ghtk.co,118
591,Sabina Saba,1,sabinasaba@ghtk.co,119
592,Idioticss Irritator,0,idioticssirritator@ghtk.co,119
593,Kaliyaperumal Kaliyaperumal,1,kaliyaperumalkaliyaperumal@ghtk.co,119
594,Hammu Hammu,0,hammuhammu@ghtk.co,119
595,Saali Ahmed,1,saaliahmed@ghtk.co,119
596,Santo Ahmed,0,santoahmed@ghtk.co,120
597,Ahusan Mohamed,0,ahusanmohamed@ghtk.co,120
598,Rj Rhidoy,0,rjrhidoy@ghtk.co,120
599,Manju Balan,0,manjubalan@ghtk.co,120
600,Axuangel Angel,1,axuangelangel@ghtk.co,120
601,Md Shamim,0,mdshamim@ghtk.co,121
602,Md Shuvo Islam,0,mdshuvoislam@ghtk.co,121
603,Mohan Mohan,0,mohanmohan@ghtk.co,121
604,Md Ashikul Asash,0,mdashikulasash@ghtk.co,121
605,Repan Repan,0,repanrepan@ghtk.co,121
606,Raja Ram Raja,0,rajaramraja@ghtk.co,122
607,Shizleen Saeed,1,shizleensaeed@ghtk.co,122
608,Roshan Kumara,0,roshankumara@ghtk.co,122
609,Ibrahim Maaice,0,ibrahimmaaice@ghtk.co,122
610,Abdul Alim,0,abdulalim@ghtk.co,122
611,Mohamed Ajfaan Nazim,0,mohamedajfaannazim@ghtk.co,123
612,Jihad Bassam,0,jihadbassam@ghtk.co,123
613,Md Mausoom,0,mdmausoom@ghtk.co,123
614,Sayadul Sayadul,0,sayadulsayadul@ghtk.co,123
615,Shorif Khan,0,shorifkhan@ghtk.co,123
616,Anoof Ahmed,0,anoofahmed@ghtk.co,124
617,Nasir Uddin,0,nasiruddin@ghtk.co,124
618,Hussain Azmeel,0,hussainazmeel@ghtk.co,124
619,Thaanie Mohamed,1,thaaniemohamed@ghtk.co,124
620,Rocky Andhiri,0,rockyandhiri@ghtk.co,124
621,Mohamed Naail,0,mohamednaail@ghtk.co,125
622,Lamaan Mohamed,0,lamaanmohamed@ghtk.co,125
623,Sharafuddin Ali,0,sharafuddinali@ghtk.co,125
624,Mohamed Zidhan,0,mohamedzidhan@ghtk.co,125
625,Asad Ahmed,0,asadahmed@ghtk.co,125
626,Mary Fisan,1,maryfisan@ghtk.co,126
627,Adam Kappoa,0,adamkappoa@ghtk.co,126
628,Mazin Noovilu,0,mazinnoovilu@ghtk.co,126
629,Sagor Bapari,0,sagorbapari@ghtk.co,126
630,Falaah Alastor,0,falaahalastor@ghtk.co,126
631,Aishath Abdulla,1,aishathabdulla@ghtk.co,127
632,Md Kahleel,0,mdkahleel@ghtk.co,127
633,Saravanan Sathya,0,saravanansathya@ghtk.co,127
634,Bm Borhan Uddin,0,bmborhanuddin@ghtk.co,127
635,Md Anamiya,0,mdanamiya@ghtk.co,127
636,Ibrahim Shafiu,0,ibrahimshafiu@ghtk.co,128
637,Manzil Shewahang,0,manzilshewahang@ghtk.co,128
638,Ram Chandru,0,ramchandru@ghtk.co,128
639,Tuntuni Tuntuni,1,tuntunituntuni@ghtk.co,128
640,Ali Hanyz,0,alihanyz@ghtk.co,128
641,Salman Salman,0,salmansalman@ghtk.co,129
642,Fathimath Shiuma,1,fathimathshiuma@ghtk.co,129
643,Shifoo Shifa,1,shifooshifa@ghtk.co,129
644,Muameru Hassan,0,muameruhassan@ghtk.co,129
645,Nil Sagor,0,nilsagor@ghtk.co,129
646,Md Shohel,0,mdshohel@ghtk.co,130
647,Ariya Buthiran,0,ariyabuthiran@ghtk.co,130
648,Kausar Siddque,0,kausarsiddque@ghtk.co,130
649,Salim Miah,0,salimmiah@ghtk.co,130
650,Rai Haan,0,raihaan@ghtk.co,130
651,Md Akter,0,mdakter@ghtk.co,131
652,Noyan Khan,0,noyankhan@ghtk.co,131
653,Arunakamal Kamal,0,arunakamalkamal@ghtk.co,131
654,Jisan Mahamud Musa,1,jisanmahamudmusa@ghtk.co,131
655,Md Alom Gir,0,mdalomgir@ghtk.co,131
656,Bidhan Das,0,bidhandas@ghtk.co,132
657,Shakhwat Hussain,0,shakhwathussain@ghtk.co,132
658,Kakaa Kakaa,0,kakaakakaa@ghtk.co,132
659,Farey Farey,0,fareyfarey@ghtk.co,132
660,Gaanith Mohamed Sharaf,0,gaanithmohamedsharaf@ghtk.co,132
661,Mohamed Yaaniu,0,mohamedyaaniu@ghtk.co,133
662,Guddu Chauhan,0,gudduchauhan@ghtk.co,133
663,Eron Feni,0,eronfeni@ghtk.co,133
664,Sohel Al Mamun,0,sohelalmamun@ghtk.co,133
665,Nada Rajan,0,nadarajan@ghtk.co,133
666,Hussain Simaau,0,hussainsimaau@ghtk.co,134
667,Rukmida Chaudhary,1,rukmidachaudhary@ghtk.co,134
668,Bot Batis,0,botbatis@ghtk.co,134
669,Md Raihan,0,mdraihan@ghtk.co,134
670,Shariar Shahin,0,shariarshahin@ghtk.co,134
671,Sangeeta Korgaonkar,1,sangeetakorgaonkar@ghtk.co,135
672,Charith Charith,0,charithcharith@ghtk.co,135
673,Leo Canisi,0,leocanisi@ghtk.co,135
674,Mizan Khan,0,mizankhan@ghtk.co,135
675,Jamal Uddin,0,jamaluddin@ghtk.co,135
676,Md Rubel,0,mdrubel@ghtk.co,136
677,Sameeh Mohamed,0,sameehmohamed@ghtk.co,136
678,Adam Sayyaf,0,adamsayyaf@ghtk.co,136
679,Md Alamin,0,mdalamin@ghtk.co,136
680,Bikers Styv,0,bikersstyv@ghtk.co,136
681,Maya Mkr,0,mayamkr@ghtk.co,137
682,Srk Stolen,0,srkstolen@ghtk.co,137
683,Ajayagosh Smitha,0,ajayagoshsmitha@ghtk.co,137
684,Ismail Hameex,0,ismailhameex@ghtk.co,137
685,Earlim Earlim,0,earlimearlim@ghtk.co,137
686,Sanjey India,0,sanjeyindia@ghtk.co,138
687,Ibbe Latheef,0,ibbelatheef@ghtk.co,138
688,Ibrahim Mamdhooh,0,ibrahimmamdhooh@ghtk.co,138
689,Mohamed Shaveen,0,mohamedshaveen@ghtk.co,138
690,Mohamed Shaah,0,mohamedshaah@ghtk.co,138
691,Subi Ashok,1,subiashok@ghtk.co,139
692,Binoy Kannanaikkal,0,binoykannanaikkal@ghtk.co,139
693,Khash Aieni,1,khashaieni@ghtk.co,139
694,Ibrahim Ibrahi,0,ibrahimibrahi@ghtk.co,139
695,Iyappan Iyappan,0,iyappaniyappan@ghtk.co,139
696,Selva Raj Wilson,0,selvarajwilson@ghtk.co,140
697,Md Roman,0,mdroman@ghtk.co,140
698,Mihunath Mst,1,mihunathmst@ghtk.co,140
699,Alwa Hameed,1,alwahameed@ghtk.co,140
700,Sylvia Amora,1,sylviaamora@ghtk.co,140
701,Md Abul Kalam Azad,0,mdabulkalamazad@ghtk.co,141
702,Md Sumon,0,mdsumon@ghtk.co,141
703,Jahurul Alam,0,jahurulalam@ghtk.co,141
704,Man Flower Man,0,manflowerman@ghtk.co,141
705,Abdul Majeeth,0,abdulmajeeth@ghtk.co,141
706,Ikbul Hossen,0,ikbulhossen@ghtk.co,142
707,Johirul Islam,0,johirulislam@ghtk.co,142
708,Shahadat Hossain,0,shahadathossain@ghtk.co,142
709,Hus Sain,0,hussain@ghtk.co,142
710,Md Kamaal,0,mdkamaal@ghtk.co,142
711,Ibbanick Ibbe,0,ibbanickibbe@ghtk.co,143
712,Ahmed Sohel Wpm,0,ahmedsohelwpm@ghtk.co,143
713,Shuham Abdu Samad Mohamed,0,shuhamabdusamadmohamed@ghtk.co,143
714,Md Ajgor Ali,0,mdajgorali@ghtk.co,143
715,Zek Bustian,0,zekbustian@ghtk.co,143
716,Mohamed Irshad,0,mohamedirshad@ghtk.co,144
717,Thorh Escoba,0,thorhescoba@ghtk.co,144
718,Ahmed Latheef,0,ahmedlatheef@ghtk.co,144
719,Suresh Babu,0,sureshbabu@ghtk.co,144
720,Mahi Endran,0,mahiendran@ghtk.co,144
721,Maumoon Dan Dan,0,maumoondandan@ghtk.co,145
722,Kate Weels,0,kateweels@ghtk.co,145
723,Umesh Malhothra,0,umeshmalhothra@ghtk.co,145
724,Shehey Shehenaa,1,sheheyshehenaa@ghtk.co,145
725,Md King Sagor,0,mdkingsagor@ghtk.co,145
726,Musannif Mohamed,0,musannifmohamed@ghtk.co,146
727,Jitu Pradhan,0,jitupradhan@ghtk.co,146
728,Md Monir,1,mdmonir@ghtk.co,146
729,Mohammad Khurshid,0,mohammadkhurshid@ghtk.co,146
730,Sameera Perera,0,sameeraperera@ghtk.co,146
731,Md Jumman,0,mdjumman@ghtk.co,147
732,Baka Arif,0,bakaarif@ghtk.co,147
733,Âhdhű Dë,0,âhdhűdë@ghtk.co,147
734,Muhammad Javaad,0,muhammadjavaad@ghtk.co,147
735,Abdulla Ziyad,0,abdullaziyad@ghtk.co,147
736,Mufliha Mufliha Jaffer,1,muflihamuflihajaffer@ghtk.co,148
737,Mis Ona,1,misona@ghtk.co,148
738,Asmoro Tirto Segoro,0,asmorotirtosegoro@ghtk.co,148
739,Inthi Malee,0,inthimalee@ghtk.co,148
740,Ruhul Islam,0,ruhulislam@ghtk.co,148
741,Sharookh Khan,0,sharookhkhan@ghtk.co,149
742,Rameez Abdulla,0,rameezabdulla@ghtk.co,149
743,Sary Saree,1,sarysaree@ghtk.co,149
744,Aminath An,1,aminathan@ghtk.co,149
745,Nax Rance,1,naxrance@ghtk.co,149
746,Fathun Fathun,1,fathunfathun@ghtk.co,150
747,Shaji Vasudevan,0,shajivasudevan@ghtk.co,150
748,Yoges Karan,1,yogeskaran@ghtk.co,150
749,Abdul Wadhood,0,abdulwadhood@ghtk.co,150
750,Meow Muroo,1,meowmuroo@ghtk.co,150
751,Rafiu Rafiu,0,rafiurafiu@ghtk.co,151
752,Rksras Rksras,0,rksrasrksras@ghtk.co,151
753,Punk Boxon,0,punkboxon@ghtk.co,151
754,Ibrahim Shihaab,0,ibrahimshihaab@ghtk.co,151
755,Xalem Moad,0,xalemmoad@ghtk.co,151
756,Chicha Rito,0,chicharito@ghtk.co,152
757,Christuraj Christuraj,1,christurajchristuraj@ghtk.co,152
758,Mauman Abubakur,0,maumanabubakur@ghtk.co,152
759,Fai Faitto,0,faifaitto@ghtk.co,152
760,Mdfoyej Mdfoyej,1,mdfoyejmdfoyej@ghtk.co,152
761,Mujey Modexx,0,mujeymodexx@ghtk.co,153
762,Sausan Kamaal,1,sausankamaal@ghtk.co,153
763,Janty Jhakaas,0,jantyjhakaas@ghtk.co,153
764,Mcharles Roshan,0,mcharlesroshan@ghtk.co,153
765,Aminath Thaani,1,aminaththaani@ghtk.co,153
766,Mohamed Thahseen,0,mohamedthahseen@ghtk.co,154
767,Uvaish Ishmael,0,uvaishishmael@ghtk.co,154
768,Rusthum Rusthum,0,rusthumrusthum@ghtk.co,154
769,Mani Js,0,manijs@ghtk.co,154
770,Ahmed Qasim,0,ahmedqasim@ghtk.co,154
771,Maz Lyn,0,mazlyn@ghtk.co,155
772,Vinu Rajan,0,vinurajan@ghtk.co,155
773,Ismile Hossan,0,ismilehossan@ghtk.co,155
774,Kamrul Hasen Hasen,0,kamrulhasenhasen@ghtk.co,155
775,Axoo Atheef,1,axooatheef@ghtk.co,155
776,Man Dey,0,mandey@ghtk.co,156
777,Shafittey Amiro,0,shafitteyamiro@ghtk.co,156
778,Son Pfeiffer,0,sonpfeiffer@ghtk.co,156
779,Suhaib Suhaib,0,suhaibsuhaib@ghtk.co,156
780,Wimalarathna Bandara,0,wimalarathnabandara@ghtk.co,156
781,Rithik Roshan,0,rithikroshan@ghtk.co,157
782,Md Shorser Alom,0,mdshorseralom@ghtk.co,157
783,Mdtaser Mdtaser,0,mdtasermdtaser@ghtk.co,157
784,Fathimath Jeehan,1,fathimathjeehan@ghtk.co,157
785,Md Juwel,0,mdjuwel@ghtk.co,157
786,Ali Sameer,0,alisameer@ghtk.co,158
787,Hamdhaan Mohamed,0,hamdhaanmohamed@ghtk.co,158
788,Muhammad Arif Ahmed Arif,1,muhammadarifahmedarif@ghtk.co,158
789,Wildberry Nrx,1,wildberrynrx@ghtk.co,158
790,Deepa Saru,1,deepasaru@ghtk.co,158
791,Asraf Ibbe,0,asrafibbe@ghtk.co,159
792,Ibrahim D Lugey,0,ibrahimdlugey@ghtk.co,159
793,Siraj Mode,0,sirajmode@ghtk.co,159
794,Ibbe Lincoln,0,ibbelincoln@ghtk.co,159
795,Sojib Khandokar,0,sojibkhandokar@ghtk.co,159
796,Tamim Fhugd,1,tamimfhugd@ghtk.co,160
797,Arya Gede,0,aryagede@ghtk.co,160
798,Jpl King Sarkar,0,jplkingsarkar@ghtk.co,160
799,Ali Muzaffar,0,alimuzaffar@ghtk.co,160
800,Saiful Islam Joy,0,saifulislamjoy@ghtk.co,160
801,Mohomadh Babul Mia,0,mohomadhbabulmia@ghtk.co,161
802,Aaidh Illo,0,aaidhillo@ghtk.co,161
803,Mobarok Mobarok,0,mobarokmobarok@ghtk.co,161
804,Giancarla Bassi,1,giancarlabassi@ghtk.co,161
805,Akram Hossan,0,akramhossan@ghtk.co,161
806,Md Alamin,0,mdalamin@ghtk.co,162
807,Homaion Miah,0,homaionmiah@ghtk.co,162
808,Rajaul Khan,0,rajaulkhan@ghtk.co,162
809,Shai Kokx,1,shaikokx@ghtk.co,162
810,Rampraveshraw Raw,0,rampraveshrawraw@ghtk.co,162
811,Prabhu Chandran,0,prabhuchandran@ghtk.co,163
812,Satheesh Kumar,0,satheeshkumar@ghtk.co,163
813,Mohamed Shaihan,0,mohamedshaihan@ghtk.co,163
814,Dhoney Fathun,1,dhoneyfathun@ghtk.co,163
815,Md Jia,0,mdjia@ghtk.co,163
816,David Andriadi,0,davidandriadi@ghtk.co,164
817,Kalhu Kessbondi,0,kalhukessbondi@ghtk.co,164
818,Hafez Hafez,0,hafezhafez@ghtk.co,164
819,Spunky Kop,0,spunkykop@ghtk.co,164
820,Md Rustom Ali,0,mdrustomali@ghtk.co,164
821,Kamrull Hasan,0,kamrullhasan@ghtk.co,165
822,Mohamed Sharyf,0,mohamedsharyf@ghtk.co,165
823,Babul Miya,0,babulmiya@ghtk.co,165
824,Bandaru Nagamani,1,bandarunagamani@ghtk.co,165
825,Ali Moosa,0,alimoosa@ghtk.co,165
826,Ahmed Shafeeq,0,ahmedshafeeq@ghtk.co,166
827,Xayyo Zayyo,1,xayyozayyo@ghtk.co,166
828,Wazed Khan,1,wazedkhan@ghtk.co,166
829,Hanif Khan,0,hanifkhan@ghtk.co,166
830,Khan Joy,0,khanjoy@ghtk.co,166
831,Mohamed Aboo,0,mohamedaboo@ghtk.co,167
832,Saydul Islam,0,saydulislam@ghtk.co,167
833,Kumar Tharshan,0,kumartharshan@ghtk.co,167
834,Rashu Meeha,0,rashumeeha@ghtk.co,167
835,Bangala Desh,0,bangaladesh@ghtk.co,167
836,Mahen Mahen,0,mahenmahen@ghtk.co,168
837,Kalif Male,0,kalifmale@ghtk.co,168
838,Md Shofikul Khan,0,mdshofikulkhan@ghtk.co,168
839,Md Liton,0,mdliton@ghtk.co,168
840,Gopal Kumar,0,gopalkumar@ghtk.co,168
841,Chithra Lakshmanan,1,chithralakshmanan@ghtk.co,169
842,Sinnu Solih,1,sinnusolih@ghtk.co,169
843,Mode Ahmed,0,modeahmed@ghtk.co,169
844,Nura Alom,0,nuraalom@ghtk.co,169
845,Byas Yadav,0,byasyadav@ghtk.co,169
846,Mohamed Mulla,0,mohamedmulla@ghtk.co,170
847,Ahu Ahzam,0,ahuahzam@ghtk.co,170
848,Lucas Mohd,0,lucasmohd@ghtk.co,170
849,Ahmed Laizam,0,ahmedlaizam@ghtk.co,170
850,Ahmed Laam,0,ahmedlaam@ghtk.co,170
851,Setiyo Wibowo,0,setiyowibowo@ghtk.co,171
852,Amy Amyy,1,amyamyy@ghtk.co,171
853,Adhil Ahmedh,0,adhilahmedh@ghtk.co,171
854,Mohamed Maaiz,0,mohamedmaaiz@ghtk.co,171
855,Binmbi Bla Bla,0,binmbiblabla@ghtk.co,171
856,Ibrahim Waheed,0,ibrahimwaheed@ghtk.co,172
857,Salim Salim,0,salimsalim@ghtk.co,172
858,Md Farhad,0,mdfarhad@ghtk.co,172
859,Abdul Rahmaan,0,abdulrahmaan@ghtk.co,172
860,Ebrahim Rana,0,ebrahimrana@ghtk.co,172
861,Najem Hossan,0,najemhossan@ghtk.co,173
862,Trt Rabby,0,trtrabby@ghtk.co,173
863,Meyyar Balakrishnan,0,meyyarbalakrishnan@ghtk.co,173
864,Md Mizan,0,mdmizan@ghtk.co,173
865,Ahmed Rithey,0,ahmedrithey@ghtk.co,173
866,Somai Magar Milan,0,somaimagarmilan@ghtk.co,174
867,Princess Naina,1,princessnaina@ghtk.co,174
868,Ripon Robindra,0,riponrobindra@ghtk.co,174
869,Davas Ali,0,davasali@ghtk.co,174
870,Md Hanif Sikder,0,mdhanifsikder@ghtk.co,174
871,Saleem Anaam,1,saleemanaam@ghtk.co,175
872,Fathimath Angele,1,fathimathangele@ghtk.co,175
873,Jalal Jalal,0,jalaljalal@ghtk.co,175
874,Xaam Nixam,0,xaamnixam@ghtk.co,175
875,Abdulla Abdulla,0,abdullaabdulla@ghtk.co,175
876,Shahu Maa,1,shahumaa@ghtk.co,176
877,Manoj Sherpa,0,manojsherpa@ghtk.co,176
878,Guddu Male,0,guddumale@ghtk.co,176
879,Navatte Ali,0,navatteali@ghtk.co,176
880,Moha Med,0,mohamed@ghtk.co,176
881,Rj Rajon,0,rjrajon@ghtk.co,177
882,Shahum Ck,0,shahumck@ghtk.co,177
883,Max Jibon,0,maxjibon@ghtk.co,177
884,Ismail Shah,0,ismailshah@ghtk.co,177
885,Md Shahid,0,mdshahid@ghtk.co,177
886,Munir Hossain Munir Hossain,0,munirhossainmunirhossain@ghtk.co,178
887,Murugesan Murugesan,0,murugesanmurugesan@ghtk.co,178
888,Sheereena Ahmed,1,sheereenaahmed@ghtk.co,178
889,Samuel Lazar,0,samuellazar@ghtk.co,178
890,Ibrahim Mohamed,0,ibrahimmohamed@ghtk.co,178
891,Balasubra Manian,0,balasubramanian@ghtk.co,179
892,Sp Hassan,0,sphassan@ghtk.co,179
893,Huthaa Aika Miee,0,huthaaaikamiee@ghtk.co,179
894,Jegathesh Siluva,0,jegatheshsiluva@ghtk.co,179
895,Hussain El Exito,0,hussainelexito@ghtk.co,179
896,Karthik Karthik,0,karthikkarthik@ghtk.co,180
897,Arnan Arnan,1,arnanarnan@ghtk.co,180
898,Vigil Vallooran,0,vigilvallooran@ghtk.co,180
899,Md Mamon,0,mdmamon@ghtk.co,180
900,Hishma Mariyam,1,hishmamariyam@ghtk.co,180
901,Md Ismail,1,mdismail@ghtk.co,181
902,Deniyal Kirubakaran,0,deniyalkirubakaran@ghtk.co,181
903,Lubna Mohamed,1,lubnamohamed@ghtk.co,181
904,Xuha Mariyam,1,xuhamariyam@ghtk.co,181
905,Munna Akter,0,munnaakter@ghtk.co,181
906,Rafa Ibrahim,1,rafaibrahim@ghtk.co,182
907,Sarvesh Ranjan,0,sarveshranjan@ghtk.co,182
908,Mdjoy Ahmed,0,mdjoyahmed@ghtk.co,182
909,Md Salauddin Dayen,1,mdsalauddindayen@ghtk.co,182
910,Guptha As,0,gupthaas@ghtk.co,182
911,Maishan Maaish,0,maishanmaaish@ghtk.co,183
912,Maha Boobalan,1,mahaboobalan@ghtk.co,183
913,Abadul Islam,0,abadulislam@ghtk.co,183
914,Ulya Haneef,1,ulyahaneef@ghtk.co,183
915,Mohamed Ubaid,0,mohamedubaid@ghtk.co,183
916,Humdhaa Ahmed,1,humdhaaahmed@ghtk.co,184
917,Ben Ben,0,benben@ghtk.co,184
918,Aphu Jameel,1,aphujameel@ghtk.co,184
919,Fahima Hridoy,1,fahimahridoy@ghtk.co,184
920,Mohammadhu Shan,0,mohammadhushan@ghtk.co,184
921,Hussain Azmeel,0,hussainazmeel@ghtk.co,185
922,Ramsehwar Lal,0,ramsehwarlal@ghtk.co,185
923,Mai Nasih,1,mainasih@ghtk.co,185
924,Aree Ary,0,areeary@ghtk.co,185
925,Imran Hossain,0,imranhossain@ghtk.co,185
926,Hamid Hussain,0,hamidhussain@ghtk.co,186
927,Jinasiri Pathirana,0,jinasiripathirana@ghtk.co,186
928,Hafu Ahmed,1,hafuahmed@ghtk.co,186
929,Hammad Ahmed,0,hammadahmed@ghtk.co,186
930,Mdp Shaaheen Shaaheen,0,mdpshaaheenshaaheen@ghtk.co,186
931,Ahmed Iqbal,0,ahmediqbal@ghtk.co,187
932,Shafa Aboobakur,1,shafaaboobakur@ghtk.co,187
933,Maahil Mohamed,0,maahilmohamed@ghtk.co,187
934,Moosa Moosa,0,moosamoosa@ghtk.co,187
935,Mohomad Abutair,0,mohomadabutair@ghtk.co,187
936,Moosa Khaleel,0,moosakhaleel@ghtk.co,188
937,Imran Shareef,0,imranshareef@ghtk.co,188
938,Alamin Mohamad,0,alaminmohamad@ghtk.co,188
939,Joshim Akas,0,joshimakas@ghtk.co,188
940,Saxu Shau,1,saxushau@ghtk.co,188
941,Sunny Day,0,sunnyday@ghtk.co,189
942,Rajesh Chowdhary,0,rajeshchowdhary@ghtk.co,189
943,David Gutta,0,davidgutta@ghtk.co,189
944,Mal Sha,1,malsha@ghtk.co,189
945,Ahmed Shunoon,0,ahmedshunoon@ghtk.co,189
946,Hussain Mausoom,0,hussainmausoom@ghtk.co,190
947,Balwinder Kumar,0,balwinderkumar@ghtk.co,190
948,Nishantha Wijewardhana,0,nishanthawijewardhana@ghtk.co,190
949,Dhanasekaran Dhanasekaran,0,dhanasekarandhanasekaran@ghtk.co,190
950,Ahmed Andhu,0,ahmedandhu@ghtk.co,190
951,Adam Ċâŝpêŕ,0,adamċâŝpêŕ@ghtk.co,191
952,Abdul Maalik,0,abdulmaalik@ghtk.co,191
953,Manik Mia,0,manikmia@ghtk.co,191
954,Sunny Singh,0,sunnysingh@ghtk.co,191
955,Md Samol,0,mdsamol@ghtk.co,191
956,Mohamed Saudh,0,mohamedsaudh@ghtk.co,192
957,Saamira Mohamed,1,saamiramohamed@ghtk.co,192
958,Moad Vendda,0,moadvendda@ghtk.co,192
959,Ziaul Haque,0,ziaulhaque@ghtk.co,192
960,Ahsan Dewan,0,ahsandewan@ghtk.co,192
961,Govi Govi,0,govigovi@ghtk.co,193
962,Yűńüsh Subba,0,yűńüshsubba@ghtk.co,193
963,Balwinder Singh,0,balwindersingh@ghtk.co,193
964,Ismail Hossain,0,ismailhossain@ghtk.co,193
965,Bn Shohag,0,bnshohag@ghtk.co,193
966,Zasham Zasham,1,zashamzasham@ghtk.co,194
967,Mishy Elkish,0,mishyelkish@ghtk.co,194
968,Shirjana Tamang,1,shirjanatamang@ghtk.co,194
969,Journal Ram,0,journalram@ghtk.co,194
970,Mahabub Alam,0,mahabubalam@ghtk.co,194
971,Satynarayan Saini,0,satynarayansaini@ghtk.co,195
972,Shazm Fahumy,1,shazmfahumy@ghtk.co,195
973,Manoj Kumar,0,manojkumar@ghtk.co,195
974,Md Roni,0,mdroni@ghtk.co,195
975,Md Dhulaal Dhulaal,0,mddhulaaldhulaal@ghtk.co,195
976,Xahittey Xahy Xahy,0,xahitteyxahyxahy@ghtk.co,196
977,Ahudh Ibrahim,0,ahudhibrahim@ghtk.co,196
978,Hendrik Hendrik,0,hendrikhendrik@ghtk.co,196
979,Mohamed Uwais,0,mohameduwais@ghtk.co,196
980,Prominent Kawsar,0,prominentkawsar@ghtk.co,196
981,Sofia Risseliya,1,sofiarisseliya@ghtk.co,197
982,Gopinath Hopes,0,gopinathhopes@ghtk.co,197
983,Äişher Ilü,1,äişherilü@ghtk.co,197
984,Baggth Jinnthrr,0,baggthjinnthrr@ghtk.co,197
985,Yasin Yasin,0,yasinyasin@ghtk.co,197
986,Ahmed Faathih,0,ahmedfaathih@ghtk.co,198
987,Raj Ripon,0,rajripon@ghtk.co,198
988,Periyasamy Raju,0,periyasamyraju@ghtk.co,198
989,Pintu Mehta,0,pintumehta@ghtk.co,198
990,Shohel Rana,0,shohelrana@ghtk.co,198
991,Hussein Sammakhu,0,husseinsammakhu@ghtk.co,199
992,Ali Thohir,0,alithohir@ghtk.co,199
993,Narayan Lamichhane,0,narayanlamichhane@ghtk.co,199
994,Kannan Kannansamy,0,kannankannansamy@ghtk.co,199
995,Ali Ihsaan,0,aliihsaan@ghtk.co,199
996,Aadam Ali,0,aadamali@ghtk.co,200
997,Dharmesh Cohwtary,0,dharmeshcohwtary@ghtk.co,200
998,Pramod Shetkar,0,pramodshetkar@ghtk.co,200
999,Thilina Kodithuwakku,0,thilinakodithuwakku@ghtk.co,200
1000,Ahmed Afeef,0,ahmedafeef@ghtk.co,200
